Name,Price,Image URL
Люстра Ливсден Brown,15990 руб.,"=HYPERLINK(""https://www.divan.ru/bryansk/product/lyustra-livsden-brown"", ""https://www.divan.ru/bryansk/product/lyustra-livsden-brown"")"
Подвесной светильник Ливсден Brown,3990руб.,"=HYPERLINK(""https://www.divan.ru/bryansk/product/podvesnoj-svetilnik-livsden-brown"", ""https://www.divan.ru/bryansk/product/podvesnoj-svetilnik-livsden-brown"")"
Настольная лампа Ливсден Brown,6990руб.,"=HYPERLINK(""https://www.divan.ru/bryansk/product/nastolnaya-lampa-livsden-brown"", ""https://www.divan.ru/bryansk/product/nastolnaya-lampa-livsden-brown"")"
Торшер Ливсден Brown,11990 руб.,"=HYPERLINK(""https://www.divan.ru/bryansk/product/torsher-livsden-brown"", ""https://www.divan.ru/bryansk/product/torsher-livsden-brown"")"
Бра Флиммер Black,1690руб.,"=HYPERLINK(""https://www.divan.ru/bryansk/product/bra-flimmer-black"", ""https://www.divan.ru/bryansk/product/bra-flimmer-black"")"
Люстра Флиммер Black,7990руб.,"=HYPERLINK(""https://www.divan.ru/bryansk/product/lyustra-flimmer-black"", ""https://www.divan.ru/bryansk/product/lyustra-flimmer-black"")"
Подвесной светильник Флиммер Black,1890руб.,"=HYPERLINK(""https://www.divan.ru/bryansk/product/podvesnoj-svetilnik-flimmer-black"", ""https://www.divan.ru/bryansk/product/podvesnoj-svetilnik-flimmer-black"")"
Настольная лампа Флиммер Black,2990руб.,"=HYPERLINK(""https://www.divan.ru/bryansk/product/nastolnaya-lampa-flimmer-black"", ""https://www.divan.ru/bryansk/product/nastolnaya-lampa-flimmer-black"")"
Торшер Флиммер Black,3990руб.,"=HYPERLINK(""https://www.divan.ru/bryansk/product/torsher-flimmer-black"", ""https://www.divan.ru/bryansk/product/torsher-flimmer-black"")"
Торшер Нидлс Khaki,14990 руб.,"=HYPERLINK(""https://www.divan.ru/bryansk/product/torsher-nidls-khaki"", ""https://www.divan.ru/bryansk/product/torsher-nidls-khaki"")"
Настольная лампа Нидлс Raffia Beige,3690руб.,"=HYPERLINK(""https://www.divan.ru/bryansk/product/nastolnaya-lampa-nidls-raffia-beige"", ""https://www.divan.ru/bryansk/product/nastolnaya-lampa-nidls-raffia-beige"")"
Люстра Гейза Black,9990руб.,"=HYPERLINK(""https://www.divan.ru/bryansk/product/lyustra-gejza-black"", ""https://www.divan.ru/bryansk/product/lyustra-gejza-black"")"
Настольная лампа Гейза Black,3990руб.,"=HYPERLINK(""https://www.divan.ru/bryansk/product/nastolnaya-lampa-gejza-black"", ""https://www.divan.ru/bryansk/product/nastolnaya-lampa-gejza-black"")"
Настольная лампа Гейза Pink,3990руб.,"=HYPERLINK(""https://www.divan.ru/bryansk/product/nastolnaya-lampa-gejza-pink"", ""https://www.divan.ru/bryansk/product/nastolnaya-lampa-gejza-pink"")"
Настольная лампа Гейза Blue,3990руб.,"=HYPERLINK(""https://www.divan.ru/bryansk/product/nastolnaya-lampa-gejza-blue"", ""https://www.divan.ru/bryansk/product/nastolnaya-lampa-gejza-blue"")"
Настольная лампа Гейза Orange,3990руб.,"=HYPERLINK(""https://www.divan.ru/bryansk/product/nastolnaya-lampa-gejza-orange"", ""https://www.divan.ru/bryansk/product/nastolnaya-lampa-gejza-orange"")"
Настольная лампа Алней Black,3990руб.,"=HYPERLINK(""https://www.divan.ru/bryansk/product/nastolnaya-lampa-alnej-black"", ""https://www.divan.ru/bryansk/product/nastolnaya-lampa-alnej-black"")"
Настольная лампа Алней Beige,3990руб.,"=HYPERLINK(""https://www.divan.ru/bryansk/product/nastolnaya-lampa-alnej-beige"", ""https://www.divan.ru/bryansk/product/nastolnaya-lampa-alnej-beige"")"
Настольная лампа Алней Green,3990руб.,"=HYPERLINK(""https://www.divan.ru/bryansk/product/nastolnaya-lampa-alnej-green"", ""https://www.divan.ru/bryansk/product/nastolnaya-lampa-alnej-green"")"
Настольная лампа Алней Orange,3590руб.,"=HYPERLINK(""https://www.divan.ru/bryansk/product/nastolnaya-lampa-alnej-orange"", ""https://www.divan.ru/bryansk/product/nastolnaya-lampa-alnej-orange"")"
Торшер Алней Green,7990руб.,"=HYPERLINK(""https://www.divan.ru/bryansk/product/torsher-alnej-green"", ""https://www.divan.ru/bryansk/product/torsher-alnej-green"")"
Торшер Алней Black,5990руб.,"=HYPERLINK(""https://www.divan.ru/bryansk/product/torsher-alnej-black"", ""https://www.divan.ru/bryansk/product/torsher-alnej-black"")"
Торшер Алней Orange,7990руб.,"=HYPERLINK(""https://www.divan.ru/bryansk/product/torsher-alnej-orange"", ""https://www.divan.ru/bryansk/product/torsher-alnej-orange"")"
Торшер Алней Beige,7990руб.,"=HYPERLINK(""https://www.divan.ru/bryansk/product/torsher-alnej-beige"", ""https://www.divan.ru/bryansk/product/torsher-alnej-beige"")"
Настольная лампа Арбет Orange,2390руб.,"=HYPERLINK(""https://www.divan.ru/bryansk/product/nastolnaya-lampa-arbet-orange"", ""https://www.divan.ru/bryansk/product/nastolnaya-lampa-arbet-orange"")"
Настольная лампа Арбет Silver,2990руб.,"=HYPERLINK(""https://www.divan.ru/bryansk/product/nastolnaya-lampa-arbet-silver"", ""https://www.divan.ru/bryansk/product/nastolnaya-lampa-arbet-silver"")"
Настольная лампа Арбет Beige,2390руб.,"=HYPERLINK(""https://www.divan.ru/bryansk/product/nastolnaya-lampa-arbet-beige"", ""https://www.divan.ru/bryansk/product/nastolnaya-lampa-arbet-beige"")"
Настольная лампа Арбет White,2390руб.,"=HYPERLINK(""https://www.divan.ru/bryansk/product/nastolnaya-lampa-arbet-white"", ""https://www.divan.ru/bryansk/product/nastolnaya-lampa-arbet-white"")"
Настольная лампа Арбет Black,1990руб.,"=HYPERLINK(""https://www.divan.ru/bryansk/product/nastolnaya-lampa-arbet-black"", ""https://www.divan.ru/bryansk/product/nastolnaya-lampa-arbet-black"")"
Настольная лампа Синдри Grey,3990руб.,"=HYPERLINK(""https://www.divan.ru/bryansk/product/nastolnaya-lampa-sindri-grey"", ""https://www.divan.ru/bryansk/product/nastolnaya-lampa-sindri-grey"")"
Люстра Синдри Black,13990 руб.,"=HYPERLINK(""https://www.divan.ru/bryansk/product/lyustra-sindri-black"", ""https://www.divan.ru/bryansk/product/lyustra-sindri-black"")"
Настольная лампа Манэт White,1990руб.,"=HYPERLINK(""https://www.divan.ru/bryansk/product/nastolnaya-lampa-manet-white"", ""https://www.divan.ru/bryansk/product/nastolnaya-lampa-manet-white"")"
Настольная лампа Леррет Beige,3990руб.,"=HYPERLINK(""https://www.divan.ru/bryansk/product/nastolnaya-lampa-lerret-beige"", ""https://www.divan.ru/bryansk/product/nastolnaya-lampa-lerret-beige"")"
Настольная лампа Леррет White,2290руб.,"=HYPERLINK(""https://www.divan.ru/bryansk/product/nastolnaya-lampa-lerret-white"", ""https://www.divan.ru/bryansk/product/nastolnaya-lampa-lerret-white"")"
Настольная лампа Истад Black,1690руб.,"=HYPERLINK(""https://www.divan.ru/bryansk/product/nastolnaya-lampa-istad-black"", ""https://www.divan.ru/bryansk/product/nastolnaya-lampa-istad-black"")"
Настольная лампа Истад White,1690руб.,"=HYPERLINK(""https://www.divan.ru/bryansk/product/nastolnaya-lampa-istad-white"", ""https://www.divan.ru/bryansk/product/nastolnaya-lampa-istad-white"")"
Люстра Боллар White,22990 руб.,"=HYPERLINK(""https://www.divan.ru/bryansk/product/lyustra-bollar-white"", ""https://www.divan.ru/bryansk/product/lyustra-bollar-white"")"
Настольная лампа Рибе Black,1890руб.,"=HYPERLINK(""https://www.divan.ru/bryansk/product/nastolnaya-lampa-ribe-black"", ""https://www.divan.ru/bryansk/product/nastolnaya-lampa-ribe-black"")"
Настольная лампа Рибе Orange,1890руб.,"=HYPERLINK(""https://www.divan.ru/bryansk/product/nastolnaya-lampa-ribe-orange"", ""https://www.divan.ru/bryansk/product/nastolnaya-lampa-ribe-orange"")"
Настольная лампа Снибальд White,790руб.,"=HYPERLINK(""https://www.divan.ru/bryansk/product/nastolnaya-lampa-snibald-white"", ""https://www.divan.ru/bryansk/product/nastolnaya-lampa-snibald-white"")"
Настольная лампа Спайк Pink,1390руб.,"=HYPERLINK(""https://www.divan.ru/bryansk/product/nastolnaya-lampa-spajk-pink"", ""https://www.divan.ru/bryansk/product/nastolnaya-lampa-spajk-pink"")"
Настольная лампа Спайк White,1390руб.,"=HYPERLINK(""https://www.divan.ru/bryansk/product/nastolnaya-lampa-spajk-white"", ""https://www.divan.ru/bryansk/product/nastolnaya-lampa-spajk-white"")"
Настольная лампа Астри Black,1290руб.,"=HYPERLINK(""https://www.divan.ru/bryansk/product/nastolnaya-lampa-astri-black"", ""https://www.divan.ru/bryansk/product/nastolnaya-lampa-astri-black"")"
Настольная лампа Астри Beige,1390руб.,"=HYPERLINK(""https://www.divan.ru/bryansk/product/nastolnaya-lampa-astri-beige"", ""https://www.divan.ru/bryansk/product/nastolnaya-lampa-astri-beige"")"
Подвесной светильник Клауд White,10990 руб.,"=HYPERLINK(""https://www.divan.ru/bryansk/product/podvesnoj-svetilnik-klaud-white"", ""https://www.divan.ru/bryansk/product/podvesnoj-svetilnik-klaud-white"")"
Торшер Клауд White,18990 руб.,"=HYPERLINK(""https://www.divan.ru/bryansk/product/torsher-klaud-white"", ""https://www.divan.ru/bryansk/product/torsher-klaud-white"")"
Настольная лампа Клауд White,15990 руб.,"=HYPERLINK(""https://www.divan.ru/bryansk/product/nastolnaya-lampa-klaud-white"", ""https://www.divan.ru/bryansk/product/nastolnaya-lampa-klaud-white"")"
Настольная лампа Машрум Olive,3990руб.,"=HYPERLINK(""https://www.divan.ru/bryansk/product/nastolnaya-lampa-mashrum-olive"", ""https://www.divan.ru/bryansk/product/nastolnaya-lampa-mashrum-olive"")"
